split,label,source,count
train,bad,bad_from_good_good1,98
train,bad,bad_from_good_good2,98
train,bad,bad_from_good_good3,98
train,bad,bad_from_good_good4,98
train,bad,bad_from_good_good5,98
train,bad,bad_from_good_good7,98
train,bad,extra_bad_from_badseeds_bad1,28
train,bad,extra_bad_from_badseeds_bad2,28
train,bad,extra_bad_from_badseeds_bad3,29
train,bad,extra_bad_from_badseeds_bad4,29
train,bad,extra_bad_from_badseeds_bad5,29
train,bad,extra_bad_from_badseeds_bad6,28
train,bad,extra_bad_from_badseeds_bad7,29
train,bad,from_bad_bad1,1
train,bad,from_bad_bad2,1
train,bad,from_bad_bad3,1
train,bad,from_bad_bad4,1
train,bad,from_bad_bad5,1
train,bad,from_bad_bad6,1
train,bad,from_bad_bad7,1
train,bad,from_good_good1,1
train,bad,from_good_good3,1
train,bad,from_good_good4,1
train,bad,from_good_good5,1
train,bad,from_good_good6,1
train,good,good1,1
train,good,good3,1
train,good,good4,1
train,good,good5,1
train,good,good6,1
train,good,good_from_goodseeds_good1,132
train,good,good_from_goodseeds_good2,133
train,good,good_from_goodseeds_good3,132
train,good,good_from_goodseeds_good4,133
train,good,good_from_goodseeds_good5,133
train,good,good_from_goodseeds_good7,132
val,bad,bad_from_good_good6,198
val,bad,from_good_good2,1
val,bad,from_good_good7,1
val,good,good2,1
val,good,good7,1
val,good,good_from_goodseeds_good6,198
